location,species,sex,mark number,Date of initial capture,c1,c2,c3,c4,c5,c6,c7,c8,c9,c10,c11,
NMBS,CGrDar,m,1,2-May-18,1,0,0,0,0,0,0,0,0,0,0,
NMPN,PaiSki,m,2,11-May-18,1,0,0,0,0,0,0,0,0,0,0,
NMBN,PaiSki,m,3,11-May-18,1,0,0,0,0,0,0,0,0,0,0,
NMPN,PaiSki,m,4,11-May-18,1,0,0,0,0,0,0,0,0,0,0,
HB,CarSad,m,5,12-May-18,1,0,0,0,0,0,0,0,0,0,0,
HB,PaiSki,m,6,12-May-18,1,0,0,0,0,0,0,0,0,0,0,
HB,PaiSki,m,7,12-May-18,1,0,0,0,0,0,0,0,0,0,0,
HB,PaiSki,m,8,12-May-18,1,0,0,0,0,0,0,0,0,0,0,
HB,PaiSki,m,9,12-May-18,1,0,0,0,0,0,0,0,0,0,0,
HB,PaiSki,m,10,12-May-18,1,0,0,0,0,0,0,0,0,0,0,
HB,PaiSki,m,11,12-May-18,1,0,0,0,0,0,0,0,0,0,0,
HB,CarSad,m,12,12-May-18,1,0,0,0,0,0,0,0,0,0,0,
HB,PaiSki,m,13,12-May-18,1,0,0,0,0,0,0,0,0,0,0,
HB,PaiSki,m,14,12-May-18,1,0,0,0,0,0,0,0,0,0,0,
HB,CarSad,m,15,12-May-18,1,0,0,0,0,0,0,0,0,0,0,
HB,CarSad,m,16,12-May-18,1,0,0,0,0,0,0,0,0,0,0,
HB,CarSad,m,17,12-May-18,1,0,0,0,0,0,0,0,0,0,0,
HB,CarSad,m,18,12-May-18,1,0,0,0,0,0,0,0,0,0,0,
NMPN,PaiSki,m,19,23-May-18,0,1,0,0,0,0,0,0,0,0,0,
NMPN,PaiSki,m,20,23-May-18,0,1,0,0,0,0,0,0,0,0,0,
NMPN,PaiSki,m,21,23-May-18,0,1,0,0,0,0,0,0,0,0,0,
NMPN,PaiSki,m,22,23-May-18,0,1,0,0,0,0,0,0,0,0,0,
HB,CarSad,m,23,24-May-18,0,1,0,0,0,0,0,0,0,0,0,
HB,PaiSki,m,24,24-May-18,0,1,0,0,0,0,0,0,0,0,0,
HB,PaiSki,m,25,24-May-18,0,1,0,0,0,0,0,0,0,0,0,
HB,PaiSki,m,26,24-May-18,0,1,0,0,0,0,0,0,0,0,0,
HB,CarSad,m,28,24-May-18,0,1,0,0,0,0,0,0,0,0,0,
HB,PaiSki,m,30,24-May-18,0,1,0,0,0,0,0,0,0,0,0,
HB,ChFCor,m,31,24-May-18,0,1,0,0,0,0,0,0,0,0,0,
HB,PaiSki,m,32,24-May-18,0,1,0,0,0,0,0,0,0,0,0,
HB,CarSad,m,34,24-May-18,0,1,0,0,0,0,0,0,0,0,0,
NMPS,PaiSki,m,35,25-May-18,1,0,0,0,0,0,0,0,0,0,0,
NMPS,PaiSki,m,36,25-May-18,1,0,0,0,0,0,0,0,0,0,0,
NMPS,PaiSki,m,37,25-May-18,1,0,0,0,0,0,0,0,0,0,0,
NMPS,PaiSki,m,38,25-May-18,1,0,0,0,0,0,0,0,0,0,0,
NMPS,ChFCor,f,39,25-May-18,1,0,0,0,0,0,0,0,0,0,0,
NMPS,ChFCor,m,40,25-May-18,1,0,0,0,0,0,0,0,0,0,0,
NMPS,ComWhi,m,41,25-May-18,1,0,0,0,0,0,0,0,0,0,0,
NMBS,BeaBas,m,42,25-May-18,0,1,0,0,0,0,0,0,0,0,0,
NMBS,PaiSki,m,43,25-May-18,0,1,0,0,0,0,0,0,0,0,0,
NMBS,BeaBas,m,44,25-May-18,0,1,0,0,0,0,0,0,0,0,0,
NMBS,PaiSki,m,45,25-May-18,0,1,0,0,0,0,0,0,0,0,0,
NMBS,PaiSki,m,46,25-May-18,0,1,0,0,1,0,0,0,0,0,0,
NMBS,PaiSki,m,47,25-May-18,0,1,0,0,0,0,0,0,0,0,0,
NMBS,CarSad,m,48,25-May-18,0,1,0,0,0,0,0,0,0,0,0,
NMBS,PaiSki,m,49,25-May-18,0,1,0,0,0,0,0,0,0,0,0,
NMBS,PaiSki,m,50,25-May-18,0,1,0,0,0,0,0,0,0,0,0,
NMBS,PaiSki,f,51,25-May-18,0,1,0,0,0,0,0,0,0,0,0,
NMBS,PaiSki,m,52,25-May-18,0,1,1,0,0,0,0,0,0,0,0,
NMBS,PaiSki,m,53,25-May-18,0,1,0,0,0,0,0,0,0,0,0,
NMBS,PaiSki,m,54,25-May-18,0,1,0,0,0,0,0,0,0,0,0,
NMBS,PaiSki,m,55,25-May-18,0,1,0,0,0,0,0,0,0,0,0,
NMBS,PaiSki,m,56,25-May-18,0,1,0,0,0,0,0,0,0,0,0,
NMBS,PaiSki,m,57,25-May-18,0,1,0,0,0,0,0,0,0,0,0,
NMBS,CarSad,m,58,25-May-18,0,1,0,0,0,0,0,0,0,0,0,
NMBS,PaiSki,m,59,25-May-18,0,1,0,0,0,0,0,0,0,0,0,
NMBS,PaiSki,m,60,25-May-18,0,1,0,0,0,0,0,0,0,0,0,
NMBS,BeaBas,m,61,25-May-18,0,1,0,0,0,0,0,0,0,0,0,
NMBS,BeaBas,m,62,25-May-18,0,1,0,0,0,0,0,0,0,0,0,
NMBS,PaiSki,m,63,25-May-18,0,1,0,0,0,0,0,0,0,0,0,
NMPS,ComWhi,m,64,25-May-18,1,0,0,0,0,0,0,0,0,0,0,
NMPS,ChFCor,f,65,25-May-18,1,0,0,0,0,0,0,0,0,0,0,
NMPS,ComWhi,m,66,25-May-18,1,0,0,0,0,0,0,0,0,0,0,
NMPS,PaiSki,m,67,25-May-18,1,0,0,0,0,0,0,0,0,0,0,
NCCP,BeaBas,m,68,25-May-18,1,0,0,0,0,0,0,0,0,0,0,
NCCP,CGrDar,m,69,25-May-18,1,0,0,0,0,0,0,0,0,0,0,
NCCP,BeaBas,m,70,25-May-18,1,0,0,0,0,0,0,0,0,0,0,
NCCP,PaiSki,m,71,25-May-18,1,0,0,0,0,0,0,0,0,0,0,
NCCP,PaiSki,m,72,25-May-18,1,0,0,0,0,0,0,0,0,0,0,
NCCP,PaiSki,m,73,25-May-18,1,0,0,0,0,0,0,0,0,0,0,
NCCB,ComWhi,m,74,25-May-18,1,0,0,0,0,0,0,0,0,0,0,
NCCB,BeaBas,m,75,25-May-18,1,0,0,0,0,0,0,0,0,0,0,
NCCB,BeaBas,m,76,25-May-18,1,0,0,0,0,0,0,0,0,0,0,
NCCB,ComWhi,m,77,25-May-18,1,0,0,0,0,0,0,0,0,0,0,
NCCB,BeaBas,m,78,25-May-18,1,0,0,0,0,0,0,0,0,0,0,
NCCB,ComWhi,m,79,25-May-18,1,0,0,0,0,0,0,0,0,0,0,
NCCB,ChFCor,m,80,25-May-18,1,0,0,0,0,0,0,0,0,0,0,
NCCB,BeaBas,m,81,25-May-18,1,0,0,0,0,0,0,0,0,0,0,
NCCB,PaiSki,m,82,25-May-18,1,0,0,0,0,0,0,0,0,0,0,
NCCP,BeaBas,m,83,25-May-18,1,0,0,0,0,0,0,0,0,0,0,
NCCP,BeaBas,m,84,25-May-18,1,0,0,0,0,0,0,0,0,0,0,
NCCP,BeaBas,m,85,25-May-18,1,0,0,0,0,0,0,0,0,0,0,
NCCP,BeaBas,m,86,25-May-18,1,0,0,0,0,0,0,0,0,0,0,
NCCP,BeaBas,m,87,25-May-18,1,0,0,0,0,0,0,0,0,0,0,
CT,HudWhi,m,88,28-May-18,1,0,0,0,0,0,0,0,0,0,0,
CT,HudWhi,m,89,28-May-18,1,1,1,0,0,0,0,0,0,0,0,
CT,HudWhi,m,90,28-May-18,1,0,0,0,0,0,0,0,0,0,0,
CT,HudWhi,m,91,28-May-18,1,0,0,0,0,0,0,0,0,0,0,
CT,HudWhi,m,92,28-May-18,1,0,1,0,0,0,0,0,0,0,0,
CT,HudWhi,m,93,28-May-18,1,1,1,0,0,0,0,0,0,0,0,
CT,HudWhi,m,94,28-May-18,1,0,0,0,0,0,0,0,0,0,0,
CT,HudWhi,m,95,28-May-18,1,0,1,0,0,0,0,0,0,0,0,
CT,HudWhi,m,96,28-May-18,1,0,0,0,0,0,0,0,0,0,0,
CT,HudWhi,m,97,28-May-18,1,0,0,0,0,0,0,0,0,0,0,
CT,HudWhi,m,98,28-May-18,1,0,0,0,0,0,0,0,0,0,0,
CT,HudWhi,m,99,28-May-18,1,0,1,1,0,0,0,0,0,0,0,
CT,HudWhi,m,100,28-May-18,1,0,0,0,0,0,0,0,0,0,0,
CT,HudWhi,m,101,28-May-18,1,0,1,0,0,0,0,0,0,0,0,
CT,HudWhi,m,102,28-May-18,1,0,1,0,0,0,0,0,0,0,0,
CT,HudWhi,m,103,28-May-18,1,0,1,0,0,0,0,0,0,0,0,
CT,HudWhi,m,104,28-May-18,1,0,0,0,0,0,0,0,0,0,0,
CT,HudWhi,m,105,28-May-18,1,0,0,0,0,0,0,0,0,0,0,
CT,HudWhi,f,106,28-May-18,1,0,0,0,0,0,0,0,0,0,0,
CT,HudWhi,m,107,28-May-18,1,0,0,0,0,0,0,0,0,0,0,
CT,HudWhi,m,108,28-May-18,1,0,0,0,0,0,0,0,0,0,0,
CT,HudWhi,m,109,28-May-18,1,0,0,0,0,0,0,0,0,0,0,
CT,HudWhi,m,110,28-May-18,1,0,0,0,0,0,0,0,0,0,0,
CT,HudWhi,m,111,28-May-18,1,0,0,0,0,0,0,0,0,0,0,
CT,AmeEme,m,112,28-May-18,1,0,0,0,0,0,0,0,0,0,0,
CT,BeaBas,m,113,28-May-18,1,0,0,0,0,0,0,0,0,0,0,
CT,HudWhi,m,114,28-May-18,1,0,0,0,0,0,0,0,0,0,0,
CT,HudWhi,m,115,28-May-18,1,0,1,0,1,0,0,0,0,0,0,
CT,DtTWhi,m,116,28-May-18,1,0,0,0,0,0,0,0,0,0,0,
CT,HudWhi,m,117,28-May-18,1,0,0,0,0,0,0,0,0,0,0,
CT,HudWhi,m,118,28-May-18,1,0,0,0,0,0,0,0,0,0,0,
CT,HudWhi,m,119,28-May-18,1,0,0,0,0,0,0,0,0,0,0,
HB,CrRWhi,f,120,28-May-18,0,0,1,0,0,0,0,0,0,0,0,
HB,CrRWhi,m,121,28-May-18,0,0,1,0,0,0,0,0,0,0,0,
HB,AmeEme,m,122,28-May-18,0,0,1,0,0,0,0,0,0,0,0,
HB,CrRWhi,m,123,28-May-18,0,0,1,0,0,0,0,0,0,0,0,
HB,CrRWhi,m,124,28-May-18,0,0,1,0,0,0,0,0,0,0,0,
HB,CrRWhi,f,125,28-May-18,0,0,1,0,0,0,0,0,0,0,0,
HB,CrRWhi,m,126,28-May-18,0,0,1,0,0,0,0,0,0,0,0,
HB,CrRWhi,m,127,28-May-18,0,0,1,0,0,0,0,0,0,0,0,
HB,CrRWhi,m,128,28-May-18,0,0,1,0,0,0,0,0,0,0,0,
HB,CrRWhi,f,129,28-May-18,0,0,1,0,0,0,0,0,0,0,0,
HB,CrRWhi,m,130,28-May-18,0,0,1,0,0,0,0,0,0,0,0,
HB,CrRWhi,m,131,28-May-18,0,0,1,0,0,0,0,0,0,0,0,
HB,CrRWhi,f,132,28-May-18,0,0,1,0,0,0,0,0,0,0,0,
HB,CrRWhi,m,133,28-May-18,0,0,1,0,0,0,0,0,0,0,0,
HB,CrRWhi,m,134,28-May-18,0,0,1,0,0,0,0,0,0,0,0,
HB,CrRWhi,m,135,28-May-18,0,0,1,0,0,0,0,0,0,0,0,
HB,CrRWhi,f,136,28-May-18,0,0,1,0,0,0,0,0,0,0,0,
HB,CrRWhi,m,137,28-May-18,0,0,1,0,0,0,0,0,0,0,0,
HB,CrRWhi,m,138,28-May-18,0,0,1,0,0,0,0,0,0,0,0,
HB,CrRWhi,f,139,28-May-18,0,0,1,0,0,0,0,0,0,0,0,
HB,CrRWhi,m,140,28-May-18,0,0,1,0,0,0,0,0,0,0,0,
HB,CrRWhi,m,141,28-May-18,0,0,1,0,0,0,0,0,0,0,0,
HB,CrRWhi,m,142,28-May-18,0,0,1,0,0,0,0,0,0,0,0,
HB,CrRWhi,m,143,28-May-18,0,0,1,0,0,0,0,0,0,0,0,
HB,CrRWhi,m,144,28-May-18,0,0,1,0,0,0,0,0,0,0,0,
HB,CrRWhi,f,145,28-May-18,0,0,1,0,0,0,0,0,0,0,0,
HB,CrRWhi,m,146,28-May-18,0,0,1,0,0,0,0,0,0,0,0,
HB,CrRWhi,f,147,28-May-18,0,0,1,0,0,0,0,0,0,0,0,
HB,CrRWhi,m,148,28-May-18,0,0,1,0,0,0,0,0,0,0,0,
NMPS,LanClu,m,150,29-May-18,0,1,0,0,0,0,0,0,0,0,0,
NMBS,ChFCor,m,151,29-May-18,0,0,1,0,0,0,0,0,0,0,0,
NMBS,ChFCor,m,152,29-May-18,0,0,1,0,0,0,0,0,0,0,0,
NMBS,CarSad,m,153,29-May-18,0,0,1,0,0,0,0,0,0,0,0,
NMBS,PaiSki,m,154,29-May-18,0,0,1,0,0,0,0,0,0,0,0,
NMBS,ChFCor,m,155,29-May-18,0,0,1,0,0,0,0,0,0,0,0,
NMBS,PaiSki,m,156,29-May-18,0,0,1,0,0,0,0,0,0,0,0,
NMBS,ComWhi,m,157,29-May-18,0,0,1,0,0,0,0,0,0,0,0,
NMBS,ChFCor,m,158,29-May-18,0,0,1,0,0,0,0,0,0,0,0,
NMBS,AmeEme,m,160,29-May-18,0,0,1,0,0,0,0,0,0,0,0,
NMBS,BeaBas,m,161,29-May-18,0,0,1,0,0,0,0,0,0,0,0,
NMBS,PaiSki,m,163,29-May-18,0,0,1,0,0,0,0,0,0,0,0,
NMBS,PaiSki,m,164,29-May-18,0,0,1,0,0,0,0,0,0,0,0,
NMBS,PaiSki,m,165,29-May-18,0,0,1,0,0,0,0,0,0,0,0,
NMBS,PaiSki,m,167,29-May-18,0,0,1,0,0,0,0,0,0,0,0,
NMBS,PaiSki,m,168,29-May-18,0,0,1,0,0,0,0,0,0,0,0,
NMBS,PaiSki,m,169,29-May-18,0,0,1,0,0,0,0,0,0,0,0,
NMBS,ChFCor,m,170,29-May-18,0,0,1,0,0,0,0,0,0,0,0,
NMBS,ComWhi,m,171,29-May-18,0,0,1,0,0,0,0,0,0,0,0,
NMPN,CrRWhi,f,172,4-Jun-18,0,0,1,0,0,0,0,0,0,0,0,
NCCP,ChFCor,m,173,4-Jun-18,0,1,0,0,0,0,0,0,0,0,0,
NCCP,ChFCor,m,174,4-Jun-18,0,1,1,0,0,0,0,0,0,0,0,
NCCP,ChFCor,m,175,4-Jun-18,0,1,0,0,0,0,0,0,0,0,0,
NCCP,ChFCor,m,176,4-Jun-18,0,1,0,0,0,0,0,0,0,0,0,
NCCP,ChFCor,m,177,4-Jun-18,0,1,0,0,0,0,0,0,0,0,0,
NCCP,ChFCor,m,178,4-Jun-18,0,1,0,0,0,0,0,0,0,0,0,
NCCP,DtTWhi,m,179,4-Jun-18,0,1,0,0,0,0,0,0,0,0,0,
NCCP,ChFCor,m,180,4-Jun-18,0,1,0,0,0,0,0,0,0,0,0,
NCCP,ChFCor,m,181,4-Jun-18,0,1,0,0,0,0,0,0,0,0,0,
NCCP,ChFCor,m,182,4-Jun-18,0,1,0,0,0,0,0,0,0,0,0,
NCCP,ChFCor,f,183,4-Jun-18,0,1,0,0,0,0,0,0,0,0,0,
NCCP,ChFCor,m,184,4-Jun-18,0,1,0,0,0,0,0,0,0,0,0,
NCCP,ChFCor,m,185,4-Jun-18,0,1,0,0,0,0,0,0,0,0,0,
NCCP,ChFCor,m,186,4-Jun-18,0,1,0,0,0,0,0,0,0,0,0,
NCCP,ComBas,m,187,4-Jun-18,0,1,0,0,0,0,0,0,0,0,0,
NCCB,DtTWhi,m,188,4-Jun-18,0,1,0,0,0,0,0,0,0,0,0,
NCCB,DtTWhi,m,189,4-Jun-18,0,1,0,0,0,0,0,0,0,0,0,
NCCB,DtTWhi,m,190,4-Jun-18,0,1,0,0,0,0,0,0,0,0,0,
CT,ChFCor,m,191,4-Jun-18,0,1,1,0,0,0,0,0,0,0,0,
CLSA,CrRWhi,m,192,7-Jun-18,1,0,0,0,0,0,0,0,0,0,0,
CT,HudWhi,m,192,4-Jun-18,0,1,0,0,0,0,0,0,0,0,0,
CLSA,PaiSki,m,193,7-Jun-18,1,0,0,0,0,0,0,0,0,0,0,
CLSA,ChFCor,m,194,7-Jun-18,1,0,0,0,0,0,0,0,0,0,0,
HB,AmeEme,m,195,7-Jun-18,0,0,0,1,0,0,0,0,0,0,0,
HB,CrRWhi,m,196,7-Jun-18,0,0,0,1,0,0,0,0,0,0,0,
HB,CrRWhi,m,197,7-Jun-18,0,0,0,1,0,0,0,0,0,0,0,
HB,CrRWhi,m,198,7-Jun-18,0,0,0,1,0,0,0,0,0,0,0,
HB,CrRWhi,f,199,7-Jun-18,0,0,0,1,0,0,0,0,0,0,0,
HB,CrRWhi,m,200,7-Jun-18,0,0,0,1,0,0,0,0,0,0,0,
HB,CrRWhi,f,201,7-Jun-18,0,0,0,1,0,0,0,0,0,0,0,
HB,CrRWhi,m,202,7-Jun-18,0,0,0,1,0,0,0,0,0,0,0,
HB,CrRWhi,m,203,7-Jun-18,0,0,0,1,0,0,0,0,0,0,0,
HB,CrRWhi,f,204,7-Jun-18,0,0,0,1,0,0,0,0,0,0,0,
HB,CrRWhi,m,205,7-Jun-18,0,0,0,1,0,0,0,0,0,0,0,
HB,CrRWhi,f,206,7-Jun-18,0,0,0,1,0,0,0,0,0,0,0,
HB,CrRWhi,m,207,7-Jun-18,0,0,0,1,0,0,0,0,0,0,0,
HB,CrRWhi,m,208,7-Jun-18,0,0,0,1,0,0,0,0,0,0,0,
HB,CrRWhi,m,209,7-Jun-18,0,0,0,1,0,0,0,0,0,0,0,
HB,ChFCor,f,210,7-Jun-18,0,0,0,1,0,0,0,0,0,0,0,
HB,CrRWhi,m,212,7-Jun-18,0,0,0,1,0,0,0,0,0,0,0,
HB,CrRWhi,f,213,7-Jun-18,0,0,0,1,0,0,0,0,0,0,0,
HB,CrRWhi,m,215,7-Jun-18,0,0,0,1,0,0,0,0,0,0,0,
HB,CrRWhi,m,216,7-Jun-18,0,0,0,1,0,0,0,0,0,0,0,
HB,CrRWhi,m,222,7-Jun-18,0,0,0,1,0,0,0,0,0,0,0,
HB,CrRWhi,m,223,7-Jun-18,0,0,0,1,0,0,0,0,0,0,0,
HB,ChFCor,m,224,7-Jun-18,0,0,0,1,0,0,0,0,0,0,0,
HB,CrRWhi,m,226,7-Jun-18,0,0,0,1,0,0,0,0,0,0,0,
HB,CrRWhi,m,227,7-Jun-18,0,0,0,1,0,0,0,0,0,0,0,
HB,CrRWhi,m,228,7-Jun-18,0,0,0,1,0,0,0,0,0,0,0,
HB,AmeEme,m,229,7-Jun-18,0,0,0,1,0,0,0,0,0,0,0,
HB,CrRWhi,f,230,7-Jun-18,0,0,0,1,0,0,0,0,0,0,0,
HB,CrRWhi,f,231,7-Jun-18,0,0,0,1,0,0,0,0,0,0,0,
HB,CrRWhi,m,232,7-Jun-18,0,0,0,1,0,0,0,0,0,0,0,
HB,CrRWhi,m,233,7-Jun-18,0,0,0,1,0,0,0,0,0,0,0,
HB,CrRWhi,m,234,7-Jun-18,0,0,0,1,0,0,0,0,0,0,0,
HB,CrRWhi,m,235,7-Jun-18,0,0,0,1,0,0,0,0,0,0,0,
HB,CrRWhi,m,236,7-Jun-18,0,0,0,1,0,0,0,0,0,0,0,
HB,CrRWhi,m,237,7-Jun-18,0,0,0,1,0,0,0,0,0,0,0,
HB,CrRWhi,m,238,7-Jun-18,0,0,0,1,0,0,0,0,0,0,0,
HB,CrRWhi,m,239,7-Jun-18,0,0,0,1,0,0,0,0,0,0,0,
HB,CrRWhi,m,240,7-Jun-18,0,0,0,1,0,0,0,0,0,0,0,
HB,CrRWhi,m,241,7-Jun-18,0,0,0,1,0,0,0,0,0,0,0,
HB,CrRWhi,f,242,7-Jun-18,0,0,0,1,0,0,0,0,0,0,0,
HB,CrRWhi,f,244,7-Jun-18,0,0,0,1,0,0,0,0,0,0,0,
HB,AmeEme,m,245,7-Jun-18,0,0,0,1,0,0,0,0,0,0,0,
CLSA,ChFCor,m,246,7-Jun-18,1,0,0,0,0,0,0,0,0,0,0,
CLSA,ChFCor,m,247,7-Jun-18,1,0,0,0,0,0,0,0,0,0,0,
CLSA,ChFCor,m,248,7-Jun-18,1,0,0,0,0,0,0,0,0,0,0,
CLSA,ChFCor,m,249,7-Jun-18,1,0,0,0,0,0,0,0,0,0,0,
CLSA,ChFCor,f,250,7-Jun-18,1,0,0,0,0,0,0,0,0,0,0,
CLSA,ChFCor,m,251,7-Jun-18,1,1,0,0,0,0,0,0,0,0,0,
CLSA,ChFCor,m,252,7-Jun-18,1,0,0,0,0,0,0,0,0,0,0,
NMBS,AmeEme,m,253,7-Jun-18,0,0,0,1,0,0,0,0,0,0,0,
NMBS,BeaBas,m,254,7-Jun-18,0,0,0,1,0,0,0,0,0,0,0,
NMBS,CrRWhi,m,255,7-Jun-18,0,0,0,1,0,0,0,0,0,0,0,
NMBS,AmeEme,m,256,7-Jun-18,0,0,0,1,0,0,0,0,0,0,0,
NMBS,DtTWhi,m,257,7-Jun-18,0,0,0,1,0,0,0,0,0,0,0,
NMBS,CrRWhi,m,258,7-Jun-18,0,0,0,1,0,0,0,0,0,0,0,
NMPS,PaiSki,f,259,9-Jun-18,0,0,1,0,0,0,0,0,0,0,0,
NMBS,ChFCor,m,262,9-Jun-18,0,0,0,0,1,0,0,0,0,0,0,
NMBS,CrRWhi,m,263,9-Jun-18,0,0,0,0,1,1,0,1,1,0,0,
NMBS,DeSSpi,m,264,9-Jun-18,0,0,0,0,1,0,0,0,0,0,0,
NMBS,ChFCor,m,265,9-Jun-18,0,0,0,0,1,1,0,0,0,0,0,
NMBS,DeSSpi,m,266,9-Jun-18,0,0,0,0,1,0,0,0,0,0,0,
NMBS,AmeEme,m,267,9-Jun-18,0,0,0,0,1,0,0,0,0,0,0,
NMBS,ChFCor,m,268,9-Jun-18,0,0,0,0,1,0,0,0,0,0,0,
NMBS,AmeEme,m,269,9-Jun-18,0,0,0,0,1,0,0,0,0,0,0,
NMBS,CGrDar,m,270,9-Jun-18,0,0,0,0,1,0,0,0,0,0,0,
NMBS,ChFCor,m,271,9-Jun-18,0,0,0,0,1,0,0,0,0,0,0,
NMBS,AmeEme,m,272,9-Jun-18,0,0,0,0,1,0,0,0,0,0,0,
NMBS,AmeEme,m,273,9-Jun-18,0,0,0,0,1,0,0,0,0,0,0,
NMBS,CrRWhi,m,274,9-Jun-18,0,0,0,0,1,0,0,0,0,0,0,
NMBS,PaiSki,m,275,9-Jun-18,0,0,0,0,1,0,0,0,0,0,0,
NMBS,AmeEme,m,276,9-Jun-18,0,0,0,0,1,0,0,0,0,0,0,
NMBS,CrRWhi,m,277,9-Jun-18,0,0,0,0,1,0,0,0,0,0,0,
NMBS,ChFCor,m,278,9-Jun-18,0,0,0,0,1,1,0,0,0,0,0,
NMBS,CrRWhi,m,279,9-Jun-18,0,0,0,0,1,0,0,0,0,0,0,
NMBS,AmeEme,m,280,9-Jun-18,0,0,0,0,1,0,0,0,0,0,0,
NMBS,PaiSki,m,281,9-Jun-18,0,0,0,0,1,0,0,0,0,0,0,
NMBS,PaiSki,m,282,9-Jun-18,0,0,0,0,1,0,0,0,0,0,0,
NMBS,UniClu,m,283,9-Jun-18,0,0,0,0,1,0,0,0,0,0,0,
NMBS,CarSad,f,284,9-Jun-18,0,0,0,0,1,0,0,0,0,0,0,
NMBS,CarSad,m,285,9-Jun-18,0,0,0,0,1,0,0,0,0,0,0,
NMBS,CrRWhi,m,286,9-Jun-18,0,0,0,0,1,0,0,0,0,0,0,
NMBS,CrRWhi,m,289,9-Jun-18,0,0,0,0,1,0,0,0,0,0,0,
NMBS,HudWhi,m,290,9-Jun-18,0,0,0,0,1,1,0,0,0,0,0,
NMBS,PaiSki,m,291,9-Jun-18,0,0,0,0,1,0,0,0,0,0,0,
NMBS,LanClu,m,292,9-Jun-18,0,0,0,0,1,0,0,0,0,0,0,
NMBS,CrRWhi,m,293,9-Jun-18,0,0,0,0,1,0,0,0,0,0,0,
NMBS,ChFCor,m,294,9-Jun-18,0,0,0,0,1,0,0,0,0,0,0,
NMBS,AmeEme,m,295,9-Jun-18,0,0,0,0,1,0,0,0,0,0,0,
NMBS,AmeEme,m,296,9-Jun-18,0,0,0,0,1,0,0,0,0,0,0,
NMBS,AmeEme,m,297,9-Jun-18,0,0,0,0,1,0,0,0,0,0,0,
NMBS,ChFCor,m,298,9-Jun-18,0,0,0,0,1,1,0,0,0,0,0,
NMBS,AmeEme,m,299,9-Jun-18,0,0,0,0,1,0,0,0,0,0,0,
NMBS,AmeEme,f,300,9-Jun-18,0,0,0,0,1,0,0,0,0,0,0,
NMBS,BluDas,m,301,9-Jun-18,0,0,0,0,1,0,0,0,0,0,0,
NMBS,AmeEme,m,302,9-Jun-18,0,0,0,0,1,0,0,0,0,0,0,
NMBS,ComWhi,m,303,9-Jun-18,0,0,0,0,1,0,0,0,0,0,0,
CT,ChFCor,m,304,12-Jun-18,0,0,1,1,0,0,0,0,0,0,0,
CT,HudWhi,f,305,12-Jun-18,0,0,1,0,0,0,0,0,0,0,0,
CT,HudWhi,f,306,12-Jun-18,0,0,1,0,0,0,0,0,0,0,0,
CT,DtTWhi,m,307,12-Jun-18,0,0,1,0,0,0,0,0,0,0,0,
CT,HudWhi,m,308,12-Jun-18,0,0,1,0,0,0,0,0,0,0,0,
CT,HudWhi,m,309,12-Jun-18,0,0,1,0,0,0,0,0,0,0,0,
CT,SpaSki,m,310,12-Jun-18,0,0,1,0,0,0,0,0,0,0,0,
CT,DtTWhi,m,311,12-Jun-18,0,0,1,0,0,0,0,0,0,0,0,
CT,ComWhi,m,312,12-Jun-18,0,0,1,0,0,0,0,0,0,0,0,
NCCP,DtTWhi,m,313,14-Jun-18,0,0,1,0,0,0,0,0,0,0,0,
NCCP,ChFCor,m,314,14-Jun-18,0,0,1,0,0,0,0,0,0,0,0,
NCCP,ChFCor,f,315,14-Jun-18,0,0,1,0,0,0,0,0,0,0,0,
NCCP,AmeEme,m,316,14-Jun-18,0,0,1,0,0,0,0,0,0,0,0,
NCCP,DtTWhi,m,317,14-Jun-18,0,0,1,0,0,0,0,0,0,0,0,
NCCP,ChFCor,m,318,14-Jun-18,0,0,1,0,0,0,0,0,0,0,0,
NCCP,AmeEme,m,319,14-Jun-18,0,0,1,0,0,0,0,0,0,0,0,
NCCP,AmeEme,m,320,14-Jun-18,0,0,1,0,0,0,0,0,0,0,0,
NCCP,DtTWhi,m,321,14-Jun-18,0,0,1,0,0,0,0,0,0,0,0,
NCCP,ChFCor,m,322,14-Jun-18,0,0,1,0,0,0,0,0,0,0,0,
NCCP,AmeEme,m,323,14-Jun-18,0,0,1,0,0,0,0,0,0,0,0,
NCCP,AmeEme,m,324,14-Jun-18,0,0,1,0,0,0,0,0,0,0,0,
NCCP,AmeEme,m,325,14-Jun-18,0,0,1,0,0,0,0,0,0,0,0,
NCCP,AmeEme,m,326,14-Jun-18,0,0,1,0,0,0,0,0,0,0,0,
NCCP,AmeEme,m,328,14-Jun-18,0,0,1,0,0,0,0,0,0,0,0,
NCCP,ChFCor,m,329,14-Jun-18,0,0,1,0,0,0,0,0,0,0,0,
NCCP,ChFCor,m,330,14-Jun-18,0,0,1,0,0,0,0,0,0,0,0,
NCCP,AmeEme,m,331,14-Jun-18,0,0,1,0,0,0,0,0,0,0,0,
NCCP,ChFCor,m,332,14-Jun-18,0,0,1,0,0,0,0,0,0,0,0,
NCCP,AmeEme,m,333,14-Jun-18,0,0,1,0,0,0,0,0,0,0,0,
NCCP,AmeEme,m,334,14-Jun-18,0,0,1,0,0,0,0,0,0,0,0,
NCCP,AmeEme,m,335,14-Jun-18,0,0,1,0,0,0,0,0,0,0,0,
NCCP,AmeEme,m,336,14-Jun-18,0,0,1,0,0,0,0,0,0,0,0,
NCCP,AmeEme,m,337,14-Jun-18,0,0,1,0,0,0,0,0,0,0,0,
NCCP,UniClu,m,339,14-Jun-18,0,0,1,0,0,0,0,0,0,0,0,
NCCP,ChFCor,m,340,14-Jun-18,0,0,1,0,0,0,0,0,0,0,0,
NCCP,ChFCor,m,341,14-Jun-18,0,0,1,0,0,0,0,0,0,0,0,
NCCP,AmeEme,m,342,14-Jun-18,0,0,1,0,0,0,0,0,0,0,0,
NCCB,DtTWhi,m,343,14-Jun-18,0,0,1,0,0,0,0,0,0,0,0,
NCCB,DtTWhi,m,344,14-Jun-18,0,0,1,0,0,0,0,0,0,0,0,
NCCB,ChFCor,m,346,14-Jun-18,0,0,1,0,0,0,0,0,0,0,0,
NCCB,DtTWhi,m,347,14-Jun-18,0,0,1,0,0,0,0,0,0,0,0,
NCCB,ChFCor,m,348,14-Jun-18,0,0,1,0,0,0,0,0,0,0,0,
NCCB,UniClu,m,349,14-Jun-18,0,0,1,0,0,0,0,0,0,0,0,
NMPN,PaiSki,m,350,14-Jun-18,0,0,0,1,0,0,0,0,0,0,0,
NMPN,PaiSki,m,351,14-Jun-18,0,0,0,1,0,0,0,0,0,0,0,
NMBN,ChFCor,m,352,14-Jun-18,0,1,0,0,0,0,0,0,0,0,0,
NMBN,HudWhi,m,353,14-Jun-18,0,1,0,0,0,0,0,0,0,0,0,
NMBN,AmeEme,m,354,14-Jun-18,0,1,0,0,0,0,0,0,0,0,0,
NMBS,CrRWhi,m,357,15-Jun-18,0,0,0,0,0,1,0,0,0,0,0,
NMBS,ChFCor,m,358,15-Jun-18,0,0,0,0,0,1,0,0,0,0,0,
NMBS,ChFCor,m,359,15-Jun-18,0,0,0,0,0,1,0,0,0,0,0,
NMBS,ChFCor,m,360,15-Jun-18,0,0,0,0,0,1,0,0,0,0,0,
NMBS,CrRWhi,m,361,15-Jun-18,0,0,0,0,0,1,0,0,0,0,0,
NMBS,ChFCor,m,362,15-Jun-18,0,0,0,0,0,1,0,0,0,0,0,
NMBS,CrRWhi,m,363,15-Jun-18,0,0,0,0,0,1,0,0,0,0,0,
NMBS,CrRWhi,m,364,15-Jun-18,0,0,0,0,0,1,0,0,0,0,0,
NMBS,ChFCor,m,365,15-Jun-18,0,0,0,0,0,1,0,0,0,0,0,
NMBS,ComWhi,m,366,15-Jun-18,0,0,0,0,0,1,0,0,0,0,0,
NMBS,ChFCor,m,368,15-Jun-18,0,0,0,0,0,1,0,0,0,0,0,
NMBS,ChFCor,m,369,15-Jun-18,0,0,0,0,0,1,0,0,0,0,0,
NMBS,AmeEme,m,370,15-Jun-18,0,0,0,0,0,1,0,0,0,0,0,
NMBS,ChFCor,m,371,15-Jun-18,0,0,0,0,0,1,0,0,0,0,0,
NMBS,AmeEme,m,372,15-Jun-18,0,0,0,0,0,1,0,0,0,0,0,
NMBS,CrRWhi,f,374,15-Jun-18,0,0,0,0,0,1,0,0,0,0,0,
NMBS,AmeEme,m,376,15-Jun-18,0,0,0,0,0,1,0,0,0,0,0,
NMBS,CrRWhi,m,377,15-Jun-18,0,0,0,0,0,1,0,0,0,0,0,
NMBS,AmeEme,m,378,15-Jun-18,0,0,0,0,0,1,0,0,0,0,0,
NMBS,AmeEme,m,379,15-Jun-18,0,0,0,0,0,1,0,0,0,0,0,
NMBS,AmeEme,m,380,15-Jun-18,0,0,0,0,0,1,0,0,0,0,0,
NMBS,ChFCor,m,381,15-Jun-18,0,0,0,0,0,1,0,0,0,0,0,
NMBS,ChFCor,m,382,15-Jun-18,0,0,0,0,0,1,0,0,0,0,0,
NMBS,CrRWhi,m,383,15-Jun-18,0,0,0,0,0,1,0,0,0,0,0,
NMBS,ChFCor,m,384,15-Jun-18,0,0,0,0,0,1,0,0,0,0,0,
NMBS,ChFCor,m,386,15-Jun-18,0,0,0,0,0,1,0,0,0,0,0,
NMBS,CrRWhi,m,387,15-Jun-18,0,0,0,0,0,1,0,0,0,0,0,
NMBS,ChFCor,m,388,15-Jun-18,0,0,0,0,0,1,0,0,0,0,0,
NMBS,AmeEme,m,389,15-Jun-18,0,0,0,0,0,1,0,0,0,0,0,
NMBS,ChFCor,m,390,15-Jun-18,0,0,0,0,0,1,0,0,0,0,0,
NMBS,ChFCor,m,391,15-Jun-18,0,0,0,0,0,1,0,0,0,0,0,
NMBS,ChFCor,m,392,15-Jun-18,0,0,0,0,0,1,0,0,0,0,0,
NMBS,PaiSki,m,393,15-Jun-18,0,0,0,0,0,1,0,0,0,0,0,
NMBS,DeSSpi,m,394,15-Jun-18,0,0,0,0,0,1,0,0,0,0,0,
NMBS,PaiSki,m,395,15-Jun-18,0,0,0,0,0,1,0,0,0,0,0,
NMBS,AmeEme,m,396,15-Jun-18,0,0,0,0,0,1,0,0,0,0,0,
NMBS,CrRWhi,m,397,15-Jun-18,0,0,0,0,0,1,0,0,0,0,0,
NMBS,CrRWhi,m,398,15-Jun-18,0,0,0,0,0,1,0,0,0,1,0,
NMBS,CrRWhi,f,399,15-Jun-18,0,0,0,0,0,1,0,0,0,0,0,
NMBS,CrRWhi,f,401,15-Jun-18,0,0,0,0,0,1,0,0,0,0,0,
NMBS,CrRWhi,m,402,15-Jun-18,0,0,0,0,0,1,0,0,0,0,0,
NMBS,ChFCor,m,403,15-Jun-18,0,0,0,0,0,1,0,0,0,0,0,
CLSA,ChFCor,m,404,15-Jun-18,0,1,0,0,0,0,0,0,0,0,0,
CLSA,ChFCor,m,405,15-Jun-18,0,1,0,0,0,0,0,0,0,0,0,
CLSA,ChFCor,m,406,15-Jun-18,0,1,0,0,0,0,0,0,0,0,0,
CLSA,ChFCor,m,407,15-Jun-18,0,1,0,0,0,0,0,0,0,0,0,
CLSA,ComWhi,m,408,15-Jun-18,0,1,0,0,0,0,0,0,0,0,0,
HB,CrRWhi,m,409,16-Jun-18,0,0,0,0,1,0,0,0,0,0,0,
HB,ComWhi,m,410,16-Jun-18,0,0,0,0,1,0,0,0,0,0,0,
HB,ChFCor,m,411,16-Jun-18,0,0,0,0,1,0,0,0,0,0,0,
HB,CrRWhi,m,412,16-Jun-18,0,0,0,0,1,0,0,0,0,0,0,
HB,CrRWhi,f,413,16-Jun-18,0,0,0,0,1,0,0,0,0,0,0,
HB,CrRWhi,m,414,16-Jun-18,0,0,0,0,1,0,0,0,0,0,0,
HB,CrRWhi,m,415,16-Jun-18,0,0,0,0,1,0,0,0,0,0,0,
HB,CrRWhi,m,416,16-Jun-18,0,0,0,0,1,0,0,0,0,0,0,
HB,CrRWhi,m,417,16-Jun-18,0,0,0,0,1,0,0,0,0,0,0,
HB,CrRWhi,m,418,16-Jun-18,0,0,0,0,1,0,0,0,0,0,0,
HB,CrRWhi,m,419,16-Jun-18,0,0,0,0,1,0,0,0,0,0,0,
HB,CrRWhi,m,420,16-Jun-18,0,0,0,0,1,0,0,0,0,0,0,
HB,AmeEme,m,421,16-Jun-18,0,0,0,0,1,0,0,0,0,0,0,
HB,CrRWhi,f,422,16-Jun-18,0,0,0,0,1,0,0,0,0,0,0,
HB,CrRWhi,m,423,16-Jun-18,0,0,0,0,1,0,0,0,0,0,0,
HB,CrRWhi,f,424,16-Jun-18,0,0,0,0,1,0,0,0,0,0,0,
HB,CrRWhi,f,425,16-Jun-18,0,0,0,0,1,0,0,0,0,0,0,
HB,CrRWhi,m,426,16-Jun-18,0,0,0,0,1,0,0,0,0,0,0,
HB,CrRWhi,m,427,16-Jun-18,0,0,0,0,1,0,0,0,0,0,0,
CT,DtTWhi,f,428,18-Jun-18,0,0,0,1,0,0,0,0,0,0,0,
CT,DtTWhi,m,430,18-Jun-18,0,0,0,1,0,0,0,0,0,0,0,
CT,DtTWhi,m,431,18-Jun-18,0,0,0,1,0,0,0,0,0,0,0,
CT,HudWhi,f,432,18-Jun-18,0,0,0,1,0,0,0,0,0,0,0,
CT,HudWhi,m,433,18-Jun-18,0,0,0,1,0,0,0,0,0,0,0,
CT,DtTWhi,m,434,18-Jun-18,0,0,0,1,0,0,0,0,0,0,0,
CT,HudWhi,m,435,18-Jun-18,0,0,0,1,0,0,0,0,0,0,0,
CT,DtTWhi,m,436,18-Jun-18,0,0,0,1,0,0,0,0,0,0,0,
CT,HudWhi,f,437,18-Jun-18,0,0,0,1,0,0,0,0,0,0,0,
CT,HudWhi,m,438,18-Jun-18,0,0,0,1,0,0,0,0,0,0,0,
CT,TwSSki,m,439,18-Jun-18,0,0,0,1,0,0,0,0,0,0,0,
NMPN,PaiSki,m,440,26-Jun-18,0,0,0,0,1,0,0,0,0,0,0,
CT,TwSSki,m,442,29-Jun-18,0,0,0,0,0,1,0,0,0,0,0,
CT,HudWhi,f,444,29-Jun-18,0,0,0,0,0,1,0,0,0,0,0,
CT,HudWhi,m,446,29-Jun-18,0,0,0,0,0,1,0,0,0,0,0,
NMPN,PaiSki,m,447,29-Jun-18,0,0,0,0,0,1,0,0,0,0,0,
NMPN,PaiSki,m,448,29-Jun-18,0,0,0,0,0,1,0,0,0,0,0,
NMPN,ChFCor,f,449,29-Jun-18,0,0,0,0,0,1,0,0,0,0,0,
NMPN,AmeEme,m,450,29-Jun-18,0,0,0,0,0,1,0,0,0,0,0,
NMPN,UniClu,m,451,29-Jun-18,0,0,0,0,0,1,0,0,0,0,0,
NMBN,TwSSki,m,453,29-Jun-18,0,0,1,0,0,0,0,0,0,0,0,
NMBS,ChFCor,m,454,30-Jun-18,0,0,0,0,0,0,1,0,0,0,0,
NMBS,ChFCor,m,455,30-Jun-18,0,0,0,0,0,0,1,0,0,0,0,
NMBS,CrRWhi,m,456,30-Jun-18,0,0,0,0,0,0,1,0,0,0,0,
NMBS,UniClu,m,457,30-Jun-18,0,0,0,0,0,0,1,0,0,0,0,
NMBS,CalPen,m,458,30-Jun-18,0,0,0,0,0,0,1,0,0,0,0,
NMBS,ComWhi,m,460,30-Jun-18,0,0,0,0,0,0,1,0,0,1,0,
NMBS,UniClu,m,461,30-Jun-18,0,0,0,0,0,0,1,0,0,0,0,
NMBS,CrRWhi,m,462,30-Jun-18,0,0,0,0,0,0,1,0,0,0,0,
NMBS,AmeEme,m,463,30-Jun-18,0,0,0,0,0,0,1,0,0,0,0,
NMBS,AmeEme,m,464,30-Jun-18,0,0,0,0,0,0,1,0,0,0,0,
NMBS,CrRWhi,m,465,30-Jun-18,0,0,0,0,0,0,1,0,0,0,0,
NMBS,AmeEme,m,466,30-Jun-18,0,0,0,0,0,0,1,0,0,0,0,
NMBS,ChFCor,m,467,30-Jun-18,0,0,0,0,0,0,1,0,0,0,0,
NMBS,CrRWhi,m,468,30-Jun-18,0,0,0,0,0,0,1,0,0,0,0,
NMBS,CrRWhi,m,469,30-Jun-18,0,0,0,0,0,0,1,0,0,0,0,
NMBS,CalPen,m,470,30-Jun-18,0,0,0,0,0,0,1,0,0,0,0,
NMBS,CrRWhi,m,471,30-Jun-18,0,0,0,0,0,0,1,0,0,0,0,
NMBS,CrRWhi,m,472,30-Jun-18,0,0,0,0,0,0,1,0,0,0,0,
NMBS,CrRWhi,m,473,30-Jun-18,0,0,0,0,0,0,1,0,0,0,0,
NCCP,AmeEme,m,475,3-Jul-18,0,0,0,1,0,0,0,0,0,0,0,
NCCP,ChFCor,m,476,3-Jul-18,0,0,0,1,1,1,0,0,0,0,0,
NCCP,ChFCor,m,477,3-Jul-18,0,0,0,1,0,0,0,0,0,0,0,
NCCP,CGrDar,m,478,3-Jul-18,0,0,0,1,0,0,0,0,0,0,0,
NCCP,ChFCor,m,479,3-Jul-18,0,0,0,1,0,0,0,0,0,0,0,
NCCP,ChFCor,m,480,3-Jul-18,0,0,0,1,0,0,0,0,0,0,0,
NCCP,AmeEme,m,481,3-Jul-18,0,0,0,1,0,0,0,0,0,0,0,
NCCP,LanClu,m,482,3-Jul-18,0,0,0,1,0,0,0,0,0,0,0,
NCCP,AmeEme,m,485,3-Jul-18,0,0,0,1,0,0,0,0,0,0,0,
NCCP,AmeEme,m,486,3-Jul-18,0,0,0,1,0,0,0,0,0,0,0,
NCCP,AmeEme,m,487,3-Jul-18,0,0,0,1,0,0,0,0,0,0,0,
NCCP,UniClu,m,488,3-Jul-18,0,0,0,1,0,0,0,0,0,0,0,
NCCP,CGrDar,m,489,3-Jul-18,0,0,0,1,0,0,0,0,0,0,0,
NCCP,UniClu,m,490,3-Jul-18,0,0,0,1,0,0,0,0,0,0,0,
NCCP,RubMea,m,491,3-Jul-18,0,0,0,1,0,0,0,0,0,0,0,
NCCP,RubMea,m,492,3-Jul-18,0,0,0,1,0,0,0,0,0,0,0,
NCCB,BluDas,m,493,3-Jul-18,0,0,0,1,0,0,0,0,0,0,0,
NCCB,TwSSki,m,494,3-Jul-18,0,0,0,1,0,0,0,0,0,0,0,
NCCB,ComWhi,f,495,3-Jul-18,0,0,0,1,0,0,0,0,0,0,0,
NCCB,BluDas,m,496,3-Jul-18,0,0,0,1,0,0,0,0,0,0,0,
NCCB,BluDas,m,497,3-Jul-18,0,0,0,1,0,0,0,0,0,0,0,
NCCB,BluDas,m,498,3-Jul-18,0,0,0,1,0,0,0,0,0,0,0,
NCCB,BluDas,m,499,3-Jul-18,0,0,0,1,0,0,0,0,0,0,0,
NCCB,ChFCor,m,500,3-Jul-18,0,0,0,1,0,0,0,0,0,0,0,
NCCB,BluDas,m,501,3-Jul-18,0,0,0,1,0,0,0,0,0,0,0,
NCCB,ComWhi,m,502,3-Jul-18,0,0,0,1,0,0,0,0,0,0,0,
NCCB,BluDas,m,504,3-Jul-18,0,0,0,1,0,0,0,0,0,0,0,
NCCB,DtTWhi,m,505,3-Jul-18,0,0,0,1,0,0,0,0,0,0,0,
NCCB,BluDas,m,506,3-Jul-18,0,0,0,1,0,0,0,0,0,0,0,
NCCB,TwSSki,m,507,3-Jul-18,0,0,0,1,0,0,0,0,0,0,0,
NCCB,WFaMea,m,508,3-Jul-18,0,0,0,1,0,0,0,0,0,0,0,
NCCB,SpaSki,m,509,3-Jul-18,0,0,0,1,0,0,0,0,0,0,0,
NCCB,DtTWhi,m,510,3-Jul-18,0,0,0,1,0,0,0,0,0,0,0,
NCCB,BluDas,m,512,3-Jul-18,0,0,0,1,0,0,0,0,0,0,0,
CT,HudWhi,m,514,8-Jul-18,0,0,0,0,0,0,1,0,0,0,0,
CT,HudWhi,m,515,8-Jul-18,0,0,0,0,0,0,1,0,0,0,0,
CT,EasPon,m,516,8-Jul-18,0,0,0,0,0,0,1,0,0,0,0,
NMBS,ComWhi,m,517,9-Jul-18,0,0,0,0,0,0,0,1,0,0,0,
NMBS,AmeEme,m,518,9-Jul-18,0,0,0,0,0,0,0,1,0,0,0,
NMBS,PaiSki,f,520,9-Jul-18,0,0,0,0,0,0,0,1,0,0,0,
NMBS,CrRWhi,f,521,9-Jul-18,0,0,0,0,0,0,0,1,0,0,0,
NMBS,CrRWhi,f,522,9-Jul-18,0,0,0,0,0,0,0,1,0,0,0,
NMBS,ChFCor,m,523,9-Jul-18,0,0,0,0,0,0,0,1,0,0,0,
NMBS,CrRWhi,m,524,9-Jul-18,0,0,0,0,0,0,0,1,0,0,0,
NMBS,BluDas,f,525,9-Jul-18,0,0,0,0,0,0,0,1,0,0,0,
NMBS,CrRWhi,m,526,9-Jul-18,0,0,0,0,0,0,0,1,0,0,0,
NMBS,BluDas,m,527,9-Jul-18,0,0,0,0,0,0,0,1,0,0,0,
NMBS,CrRWhi,m,528,9-Jul-18,0,0,0,0,0,0,0,1,0,0,0,
NMBS,CrRWhi,m,529,9-Jul-18,0,0,0,0,0,0,0,1,0,1,0,
NMBS,CrRWhi,m,530,9-Jul-18,0,0,0,0,0,0,0,1,0,0,0,
NMBS,CrRWhi,m,532,9-Jul-18,0,0,0,0,0,0,0,1,0,0,0,
NMBS,CrRWhi,m,533,9-Jul-18,0,0,0,0,0,0,0,1,0,0,0,
NMBS,CrRWhi,m,535,9-Jul-18,0,0,0,0,0,0,0,1,1,0,0,
NMBS,CrRWhi,m,536,9-Jul-18,0,0,0,0,0,0,0,1,0,0,0,
NMBS,CrRWhi,m,539,9-Jul-18,0,0,0,0,0,0,0,1,0,0,0,
NMBS,CrRWhi,m,540,9-Jul-18,0,0,0,0,0,0,0,1,0,0,0,
NMBS,CrRWhi,m,543,9-Jul-18,0,0,0,0,0,0,0,1,0,0,0,
NMBS,CrRWhi,m,544,9-Jul-18,0,0,0,0,0,0,0,1,1,0,0,
NMBS,CrRWhi,m,545,9-Jul-18,0,0,0,0,0,0,0,1,1,0,0,
NMBS,CrRWhi,m,546,9-Jul-18,0,0,0,0,0,0,0,1,1,0,0,
NMBS,PaiSki,m,547,9-Jul-18,0,0,0,0,0,0,0,1,0,0,0,
NMBS,SpaSki,f,548,9-Jul-18,0,0,0,0,0,0,0,1,0,0,0,
NMBS,CrRWhi,m,549,9-Jul-18,0,0,0,0,0,0,0,1,1,0,0,
NMBS,CrRWhi,m,550,9-Jul-18,0,0,0,0,0,0,0,1,0,0,0,
NMBS,CrRWhi,m,551,9-Jul-18,0,0,0,0,0,0,0,1,0,0,0,
NMBS,CrRWhi,m,552,9-Jul-18,0,0,0,0,0,0,0,1,0,0,0,
NMBS,ChFCor,m,553,9-Jul-18,0,0,0,0,0,0,0,1,1,0,0,
NMBS,CrRWhi,m,554,9-Jul-18,0,0,0,0,0,0,0,1,0,0,0,
NMBS,CrRWhi,m,555,9-Jul-18,0,0,0,0,0,0,0,1,0,0,0,
NMBS,AmeEme,m,556,9-Jul-18,0,0,0,0,0,0,0,1,0,0,0,
NMBS,CrRWhi,m,557,9-Jul-18,0,0,0,0,0,0,0,1,0,0,0,
NMBS,CrRWhi,m,558,9-Jul-18,0,0,0,0,0,0,0,1,0,0,0,
NMBS,CrRWhi,m,559,9-Jul-18,0,0,0,0,0,0,0,1,1,0,0,
NMBS,CalPen,m,560,9-Jul-18,0,0,0,0,0,0,0,1,0,0,0,
NMBS,ComWhi,m,561,9-Jul-18,0,0,0,0,0,0,0,1,0,0,0,
NMBS,ChFCor,m,562,9-Jul-18,0,0,0,0,0,0,0,1,1,0,0,
NMBS,LanClu,m,563,9-Jul-18,0,0,0,0,0,0,0,1,0,0,0,
NCCP,AmeEme,m,564,10-Jul-18,0,0,0,0,1,0,0,0,0,0,0,
NMPN,BWiSki,m,564,9-Jul-18,0,0,0,0,0,0,1,0,0,0,0,
NCCP,ChFCor,m,565,10-Jul-18,0,0,0,0,1,1,0,0,0,0,0,
NCCP,DtTWhi,m,566,10-Jul-18,0,0,0,0,1,0,0,0,0,0,0,
NCCP,ChFCor,m,568,10-Jul-18,0,0,0,0,1,0,0,0,0,0,0,
NCCP,DtTWhi,m,569,10-Jul-18,0,0,0,0,1,0,0,0,0,0,0,
NCCP,ChFCor,m,570,10-Jul-18,0,0,0,0,1,0,0,0,0,0,0,
NCCP,AmeEme,m,571,10-Jul-18,0,0,0,0,1,0,0,0,0,0,0,
NCCP,ChFCor,m,572,10-Jul-18,0,0,0,0,1,0,0,0,0,0,0,
NCCP,TwSSki,m,575,10-Jul-18,0,0,0,0,1,0,0,0,0,0,0,
NCCP,AmeEme,m,576,10-Jul-18,0,0,0,0,1,0,0,0,0,0,0,
NCCP,AmeEme,m,577,10-Jul-18,0,0,0,0,1,0,0,0,0,0,0,
NCCP,AmeEme,m,578,10-Jul-18,0,0,0,0,1,0,0,0,0,0,0,
NCCP,AmeEme,m,579,10-Jul-18,0,0,0,0,1,0,0,0,0,0,0,
NCCP,AmeEme,m,580,10-Jul-18,0,0,0,0,1,0,0,0,0,0,0,
NCCP,TwSSki,m,581,10-Jul-18,0,0,0,0,1,0,0,0,0,0,0,
NCCP,ChFCor,m,582,10-Jul-18,0,0,0,0,1,0,0,0,0,0,0,
NCCP,ChFCor,m,583,10-Jul-18,0,0,0,0,1,0,0,0,0,0,0,
NCCP,AmeEme,m,584,10-Jul-18,0,0,0,0,1,0,0,0,0,0,0,
NMBS,CrRWhi,m,585,10-Jul-18,0,0,0,0,0,0,0,0,1,0,0,
NMBS,CrRWhi,m,586,10-Jul-18,0,0,0,0,0,0,0,0,1,0,0,
NMBS,ComWhi,m,587,10-Jul-18,0,0,0,0,0,0,0,0,1,1,0,
NMBS,SlaSki,m,588,10-Jul-18,0,0,0,0,0,0,0,0,1,0,0,
NMBS,ChFCor,m,589,10-Jul-18,0,0,0,0,0,0,0,0,1,0,0,
NMBS,CrRWhi,m,590,10-Jul-18,0,0,0,0,0,0,0,0,1,0,0,
NMBS,CrRWhi,m,591,10-Jul-18,0,0,0,0,0,0,0,0,1,0,0,
NMBS,AmeEme,m,592,10-Jul-18,0,0,0,0,0,0,0,0,1,0,0,
NMBS,CrRWhi,f,593,10-Jul-18,0,0,0,0,0,0,0,0,1,0,0,
NMBS,CrRWhi,m,594,10-Jul-18,0,0,0,0,0,0,0,0,1,0,0,
NCCB,DtTWhi,m,595,12-Jul-18,0,0,0,0,1,0,0,0,0,0,0,
NCCB,DtTWhi,m,596,12-Jul-18,0,0,0,0,1,0,0,0,0,0,0,
NCCB,DtTWhi,m,598,12-Jul-18,0,0,0,0,1,0,0,0,0,0,0,
NCCB,BluDas,m,599,12-Jul-18,0,0,0,0,1,0,0,0,0,0,0,
NCCB,BluDas,m,600,12-Jul-18,0,0,0,0,1,0,0,0,0,0,0,
NCCB,BluDas,m,601,12-Jul-18,0,0,0,0,1,0,0,0,0,0,0,
NCCP,ComWhi,m,602,12-Jul-18,0,0,0,0,0,1,0,0,0,0,0,
NCCP,UniClu,m,603,12-Jul-18,0,0,0,0,0,1,0,0,0,0,0,
NCCP,AmeEme,m,604,12-Jul-18,0,0,0,0,0,1,0,0,0,0,0,
NCCP,BluDas,m,605,12-Jul-18,0,0,0,0,0,1,0,0,0,0,0,
NCCP,CGrDar,m,606,12-Jul-18,0,0,0,0,0,1,0,0,0,0,0,
NCCP,ChFCor,m,607,12-Jul-18,0,0,0,0,0,1,0,0,0,0,0,
NCCP,ChFCor,f,608,12-Jul-18,0,0,0,0,0,1,0,0,0,0,0,
NCCP,ChFCor,f,609,12-Jul-18,0,0,0,0,0,1,0,0,0,0,0,
NCCP,AmeEme,f,610,12-Jul-18,0,0,0,0,0,1,0,0,0,0,0,
NCCP,TwSSki,m,611,12-Jul-18,0,0,0,0,0,1,0,0,0,0,0,
NMBS,ComWhi,m,612,12-Jul-18,0,0,0,0,0,0,0,0,0,1,0,
NMBS,CalPen,f,613,12-Jul-18,0,0,0,0,0,0,0,0,0,1,0,
NMBS,CrRWhi,m,614,12-Jul-18,0,0,0,0,0,0,0,0,0,1,0,
NMBS,AmeEme,m,615,12-Jul-18,0,0,0,0,0,0,0,0,0,1,0,
NMBS,CrRWhi,m,616,12-Jul-18,0,0,0,0,0,0,0,0,0,1,1,
NMBS,TwSSki,m,617,12-Jul-18,0,0,0,0,0,0,0,0,0,1,0,
NMBS,ChFCor,m,618,12-Jul-18,0,0,0,0,0,0,0,0,0,1,0,
NMBS,PaiSki,m,619,12-Jul-18,0,0,0,0,0,0,0,0,0,1,0,
NMBS,GrsDar,f,620,12-Jul-18,0,0,0,0,0,0,0,0,0,1,0,
NMBS,CrRWhi,m,621,19-Jul-18,0,0,0,0,0,0,0,0,0,0,1,
NMBS,CrRWhi,m,622,19-Jul-18,0,0,0,0,0,0,0,0,0,0,1,
NMBS,CrRWhi,m,623,19-Jul-18,0,0,0,0,0,0,0,0,0,0,1,
,,,,,,,,,,,,,,,,
